<application>
  <component name="MaterialThemeConfig">
    <option name="isCompactMenus" value="true" />
    <option name="isCompactStatusBar" value="true" />
    <option name="isWizardShown" value="true" />
    <option name="pristineConfig" value="false" />
    <option name="useGlobalFont" value="true" />
    <option name="useShadows" value="true" />
    <option name="settingsSelectedTab" value="3" />
    <option name="accentColor" value="f9826c" />
    <option name="selectedTheme" value="GITHUB_DARK" />
    <option name="userId" value="cd5491b:1897e806fcb:-8000" />
    <option name="version" value="8.9.1" />
  </component>
</application>