<application>
  <component name="LafManager" autodetect="false">
    <laf class-name="com.intellij.ide.ui.laf.darcula.DarculaLaf" themeId="CUSTOM" />
    <lafs-to-previous-schemes>
      <laf-to-scheme laf="Arc Dark (Material)" scheme="_@user_Arc Dark (Material)" />
      <laf-to-scheme laf="Atom One Dark (Material)" scheme="_@user_Atom One Dark (Material)" />
      <laf-to-scheme laf="Custom Theme (Material)" scheme="_@user_Material Oceanic" />
      <laf-to-scheme laf="Dracula (Material)" scheme="_@user_Dracula (Material)" />
      <laf-to-scheme laf="GitHub Dark (Material)" scheme="_@user_GitHub Dark (Material)" />
      <laf-to-scheme laf="High contrast" scheme="_@user_High contrast" />
      <laf-to-scheme laf="Material Darker" scheme="_@user_Material Darker" />
      <laf-to-scheme laf="Material Deep Ocean" scheme="Material Deep Ocean" />
      <laf-to-scheme laf="Material Forest" scheme="_@user_Material Forest" />
      <laf-to-scheme laf="Material Lighter" scheme="_@user_Material Lighter" />
      <laf-to-scheme laf="Material Oceanic" scheme="_@user_Material Oceanic" />
      <laf-to-scheme laf="Material Palenight" scheme="_@user_Material Palenight" />
      <laf-to-scheme laf="Material Space" scheme="_@user_Material Space" />
      <laf-to-scheme laf="Material Volcano" scheme="Material Volcano" />
      <laf-to-scheme laf="Monokai Pro (Material)" scheme="_@user_Monokai Pro (Material)" />
      <laf-to-scheme laf="Moonlight (Material)" scheme="_@user_Moonlight (Material)" />
      <laf-to-scheme laf="Night Owl (Material)" scheme="Night Owl (Material)" />
      <laf-to-scheme laf="SynthWave '84 (Material)" scheme="_@user_SynthWave '84 (Material)" />
    </lafs-to-previous-schemes>
  </component>
</application>