<application>
  <component name="MaterialCustomThemeConfig">
    <option name="colorScheme" value="Dracula (Material)" />
    <option name="excludedColor" value="313341ff" />
    <option name="accentColor" value="ff79c5ff" />
    <option name="notificationsColor" value="1d2228ff" />
    <option name="treeSelectionColor" value="2f3342ff" />
    <option name="highlightColor" value="44475aff" />
    <option name="secondBorderColor" value="21222cff" />
    <option name="tableSelectedColor" value="44475aff" />
    <option name="contrastColor" value="191a21ff" />
    <option name="disabledColor" value="a7b2d7ff" />
    <option name="secondaryBackgroundColor" value="282a36ff" />
    <option name="buttonColor" value="393c4bff" />
    <option name="selectionForegroundColor" value="ffffffff" />
    <option name="selectionBackgroundColor" value="44475aff" />
    <option name="textColor" value="a7b2d7ff" />
    <option name="foregroundColor" value="f8f8f2ff" />
    <option name="backgroundColor" value="282a36ff" />
  </component>
</application>