<application>
  <component name="MaterialThemeConfig">
    <option name="isTabSeparatorsEnabled" value="false" />
    <option name="isWizardShown" value="true" />
    <option name="pristineConfig" value="false" />
    <option name="useGlobalFont" value="true" />
    <option name="useShadows" value="true" />
    <option name="settingsSelectedTab" value="1" />
    <option name="accentColor" value="ff79c5" />
    <option name="selectedTheme" value="CUSTOM" />
    <option name="userId" value="cd5491b:1897e806fcb:-8000" />
    <option name="version" value="8.11.0" />
  </component>
</application>