<application>
  <component name="IgnoreSettings" missingGitignore="true" ignoredFileStatus="true" starredTemplates="" unignoreActions="true" notifyIgnoredEditing="true" foldableProjectViewAdvertisePresented="true">
    <languages>
      <language id="Bazaar" NEW_FILE="false" ENABLE="true" />
      <language id="Chef" NEW_FILE="false" ENABLE="false" />
      <language id="CloudFoundry" NEW_FILE="false" ENABLE="false" />
      <language id="Cvs" NEW_FILE="false" ENABLE="true" />
      <language id="Darcs" NEW_FILE="false" ENABLE="true" />
      <language id="DeployHQ" NEW_FILE="false" ENABLE="false" />
      <language id="Docker" NEW_FILE="false" ENABLE="false" />
      <language id="ElasticBeanstalk" NEW_FILE="false" ENABLE="false" />
      <language id="Eleventy" NEW_FILE="false" ENABLE="false" />
      <language id="ESLint" NEW_FILE="false" ENABLE="false" />
      <language id="Floobits" NEW_FILE="false" ENABLE="false" />
      <language id="Fossil" NEW_FILE="false" ENABLE="true" />
      <language id="Git" NEW_FILE="true" ENABLE="false" />
      <language id="Google Cloud" NEW_FILE="false" ENABLE="false" />
      <language id="Kubernetes Helm" NEW_FILE="false" ENABLE="false" />
      <language id="Jetpack" NEW_FILE="false" ENABLE="false" />
      <language id="JSHint" NEW_FILE="false" ENABLE="false" />
      <language id="Mercurial" NEW_FILE="false" ENABLE="false" />
      <language id="Monotone" NEW_FILE="false" ENABLE="true" />
      <language id="Nodemon" NEW_FILE="false" ENABLE="false" />
      <language id="Npm" NEW_FILE="false" ENABLE="false" />
      <language id="NuxtJS" NEW_FILE="false" ENABLE="false" />
      <language id="OpenAPI Generator" NEW_FILE="false" ENABLE="false" />
      <language id="Perforce" NEW_FILE="false" ENABLE="false" />
      <language id="Prettier" NEW_FILE="false" ENABLE="false" />
      <language id="Sourcegraph" NEW_FILE="false" ENABLE="false" />
      <language id="StyleLint" NEW_FILE="false" ENABLE="false" />
      <language id="Stylint" NEW_FILE="false" ENABLE="false" />
      <language id="Swagger Codegen" NEW_FILE="false" ENABLE="false" />
      <language id="Terraform" NEW_FILE="false" ENABLE="false" />
      <language id="Team Foundation" NEW_FILE="false" ENABLE="true" />
      <language id="Tokei" NEW_FILE="false" ENABLE="false" />
      <language id="Up" NEW_FILE="false" ENABLE="false" />
      <language id="Vercel" NEW_FILE="false" ENABLE="false" />
      <language id="Yarn" NEW_FILE="false" ENABLE="false" />
    </languages>
    <userTemplates>
      <template name="IDEA Basic">### Builds &amp; Outs ###
out/
target/

### IntelliJ IDEA ###
**/.idea/
*.iws
*.iml
*.ipr

### Eclipse ###
.apt_generated
.classpath
.factorypath
.project
.settings
.springBeans
.sts4-cache

### NetBeans ###
/nbproject/private/
/nbbuild/
/dist/
/nbdist/
/.nb-gradle/
build/
!**/src/main/**/build/
!**/src/test/**/build/

## Maven ###
.mvn/
mvnw
mvnw.cmd

### VS Code ###
.vscode/

### Mac OS ###
.DS_Store</template>
    </userTemplates>
  </component>
</application>